-- 测试数据脚本
USE social_platform;

-- ============ 用户数据 ============
INSERT INTO `user` (`id`, `username`, `password`, `nickname`, `avatar`, `email`, `phone`, `signature`, `level`, `points`, `status`, `deleted`, `create_time`, `update_time`) VALUES
(1001, 'zhangsan', '$2a$10$7YaUJUu0ZepTdbrA5H.Cd.Dk/Ne/zZmBajwRbJGgZMA6RQhGBlcxK', '张三', '', 'zhangsan@test.com', '13800001001', '热爱生活，热爱编程', 5, 1200, 1, 0, '2024-01-15 10:30:00', '2024-06-01 14:20:00'),
(1002, 'lisi', '$2a$10$7YaUJUu0ZepTdbrA5H.Cd.Dk/Ne/zZmBajwRbJGgZMA6RQhGBlcxK', '李四', '', 'lisi@test.com', '13800001002', '摄影爱好者，记录美好瞬间', 3, 850, 1, 0, '2024-02-20 09:15:00', '2024-05-28 16:45:00'),
(1003, 'wangwu', '$2a$10$7YaUJUu0ZepTdbrA5H.Cd.Dk/Ne/zZmBajwRbJGgZMA6RQhGBlcxK', '王五', '', 'wangwu@test.com', '13800001003', '读书、旅行、写代码', 4, 960, 1, 0, '2024-01-28 14:20:00', '2024-06-02 09:10:00'),
(1004, 'zhaoliu', '$2a$10$7YaUJUu0ZepTdbrA5H.Cd.Dk/Ne/zZmBajwRbJGgZMA6RQhGBlcxK', '赵六', '', 'zhaoliu@test.com', '13800001004', '设计师一枚', 2, 520, 1, 0, '2024-03-05 11:00:00', '2024-05-30 13:30:00'),
(1005, 'sunqi', '$2a$10$7YaUJUu0ZepTdbrA5H.Cd.Dk/Ne/zZmBajwRbJGgZMA6RQhGBlcxK', '孙七', '', 'sunqi@test.com', '13800001005', '音乐是我的生命', 6, 1800, 1, 0, '2024-01-10 08:00:00', '2024-06-03 10:00:00');

-- ============ 动态数据 ============
INSERT INTO `post` (`id`, `user_id`, `content`, `images`, `topic`, `visibility`, `like_count`, `comment_count`, `share_count`, `collect_count`, `status`, `deleted`, `create_time`, `update_time`) VALUES
(2001, 1001, '今天学习了Spring Cloud微服务架构，感觉对分布式系统有了更深的理解。服务发现、负载均衡、网关路由这些概念终于搞清楚了！', NULL, '分布式', 1, 15, 3, 2, 4, 1, 0, '2024-06-01 10:30:00', '2024-06-01 15:00:00'),
(2002, 1002, '周末去西湖拍了一组照片，春天的西湖真的太美了！湖光山色，游人如织。', '["https://picsum.photos/400/400?random=1","https://picsum.photos/400/400?random=2","https://picsum.photos/400/400?random=3"]', '摄影', 1, 28, 5, 6, 10, 1, 0, '2024-06-01 14:20:00', '2024-06-02 09:00:00'),
(2003, 1003, '刚读完《代码整洁之道》，强烈推荐给每一位程序员。写好代码不仅仅是让机器能运行，更是让人能读懂。', NULL, '读书', 1, 22, 4, 3, 8, 1, 0, '2024-06-02 09:15:00', '2024-06-02 18:30:00'),
(2004, 1004, '分享一个UI设计的小技巧：使用渐变背景时，注意色彩对比度，确保文字可读性。附上最近做的一个设计稿。', '["https://picsum.photos/400/400?random=4"]', '设计', 1, 18, 2, 4, 6, 1, 0, '2024-06-02 11:30:00', '2024-06-02 20:00:00'),
(2005, 1005, '刚录了一首新歌《晴天》的翻唱，大家听听看怎么样？', NULL, '音乐', 1, 35, 8, 10, 15, 1, 0, '2024-06-02 16:00:00', '2024-06-03 08:00:00'),
(2006, 1001, '今天写了一个React自定义Hook，用来管理复杂的表单状态，代码量减少了40%！分享一下喜悦。', NULL, '前端', 1, 12, 2, 1, 3, 1, 0, '2024-06-03 08:30:00', '2024-06-03 12:00:00'),
(2007, 1002, '下午茶时间，一杯拿铁，一块提拉米苏，享受片刻的宁静。', '["https://picsum.photos/400/400?random=5","https://picsum.photos/400/400?random=6"]', '生活', 1, 20, 3, 2, 5, 1, 0, '2024-06-03 15:00:00', '2024-06-03 19:00:00'),
(2008, 1003, '推荐几本最近读的好书：《软技能》《重构》《程序员修炼之道》，每本都值得反复阅读。', NULL, '读书', 1, 16, 3, 1, 7, 1, 0, '2024-06-03 10:00:00', '2024-06-03 16:00:00'),
(2009, 1004, '做了一个新的登录页面设计，玻璃态效果 + 动态渐变背景，感觉效果还不错。欢迎交流设计心得！', '["https://picsum.photos/400/400?random=7"]', '设计', 1, 25, 6, 5, 9, 1, 0, '2024-06-03 13:00:00', '2024-06-04 08:00:00'),
(2010, 1005, '周末去听了场音乐会，莫扎特的钢琴协奏曲太震撼了。音乐真的是无国界的语言。', NULL, '音乐', 1, 30, 4, 3, 12, 1, 0, '2024-06-03 19:00:00', '2024-06-04 09:00:00'),
(2011, 1001, 'Docker + K8s 真是部署利器，之前需要半天部署的项目，现在半小时搞定。', NULL, 'DevOps', 1, 8, 1, 0, 2, 1, 0, '2024-06-04 07:00:00', '2024-06-04 07:00:00'),
(2012, 1002, '分享今天的晚霞，火烧云太美了！', '["https://picsum.photos/400/400?random=8"]', '摄影', 1, 45, 7, 12, 20, 1, 0, '2024-06-04 18:30:00', '2024-06-04 20:00:00');

-- ============ 评论数据 ============
INSERT INTO `comment` (`id`, `post_id`, `user_id`, `content`, `parent_id`, `like_count`, `status`, `deleted`, `create_time`) VALUES
(3001, 2002, 1001, '拍得真棒！用的什么相机？', NULL, 3, 1, 0, '2024-06-01 15:00:00'),
(3002, 2002, 1003, '西湖确实美，我上周也去了', NULL, 2, 1, 0, '2024-06-01 16:30:00'),
(3003, 2002, 1004, '构图很专业，学习了', NULL, 5, 1, 0, '2024-06-02 08:00:00'),
(3004, 2002, 1005, '第三张的角度太绝了', NULL, 4, 1, 0, '2024-06-02 10:00:00'),
(3005, 2002, 1001, '我用的是索尼A7M4', 3001, 2, 1, 0, '2024-06-01 15:30:00'),
(3006, 2005, 1001, '唱得真好听！期待更多作品', NULL, 6, 1, 0, '2024-06-02 17:00:00'),
(3007, 2005, 1002, '这嗓子绝了', NULL, 8, 1, 0, '2024-06-02 18:00:00'),
(3008, 2005, 1004, '已收藏，求更新', NULL, 3, 1, 0, '2024-06-03 09:00:00'),
(3009, 2012, 1001, '太美了！在哪里拍的？', NULL, 3, 1, 0, '2024-06-04 19:00:00'),
(3010, 2012, 1003, '色彩太棒了', NULL, 5, 1, 0, '2024-06-04 19:30:00'),
(3011, 2012, 1005, '这晚霞绝了，已存为壁纸', NULL, 7, 1, 0, '2024-06-04 20:00:00');

-- ============ 点赞数据 ============
INSERT INTO `like_record` (`id`, `post_id`, `user_id`, `create_time`) VALUES
(4001, 2001, 1002, '2024-06-01 11:00:00'),
(4002, 2001, 1003, '2024-06-01 12:00:00'),
(4003, 2001, 1004, '2024-06-01 13:00:00'),
(4004, 2002, 1001, '2024-06-01 14:30:00'),
(4005, 2002, 1003, '2024-06-01 15:30:00'),
(4006, 2002, 1005, '2024-06-02 08:00:00'),
(4007, 2005, 1001, '2024-06-02 16:30:00'),
(4008, 2005, 1002, '2024-06-02 17:00:00'),
(4009, 2005, 1003, '2024-06-03 08:00:00'),
(4010, 2012, 1001, '2024-06-04 18:30:00'),
(4011, 2012, 1003, '2024-06-04 19:00:00'),
(4012, 2012, 1004, '2024-06-04 19:15:00');

-- ============ 收藏数据 ============
INSERT INTO `collect` (`id`, `post_id`, `user_id`, `create_time`) VALUES
(5001, 2002, 1001, '2024-06-01 16:00:00'),
(5002, 2003, 1001, '2024-06-02 10:00:00'),
(5003, 2005, 1002, '2024-06-02 18:00:00'),
(5004, 2005, 1003, '2024-06-03 09:00:00'),
(5005, 2012, 1001, '2024-06-04 20:00:00');

-- ============ 关注关系 ============
INSERT INTO `follow` (`id`, `user_id`, `follow_id`, `create_time`) VALUES
(6001, 1001, 1002, '2024-03-15 10:00:00'),
(6002, 1001, 1003, '2024-03-15 10:30:00'),
(6003, 1001, 1005, '2024-04-01 09:00:00'),
(6004, 1002, 1001, '2024-03-16 14:00:00'),
(6005, 1002, 1004, '2024-03-20 11:00:00'),
(6006, 1002, 1005, '2024-04-05 15:00:00'),
(6007, 1003, 1001, '2024-03-18 08:00:00'),
(6008, 1003, 1002, '2024-03-18 08:30:00'),
(6009, 1004, 1001, '2024-04-10 10:00:00'),
(6010, 1004, 1002, '2024-04-10 10:30:00'),
(6011, 1004, 1003, '2024-04-10 11:00:00'),
(6012, 1005, 1001, '2024-04-15 16:00:00'),
(6013, 1005, 1002, '2024-04-15 16:30:00');

-- ============ 好友关系 (已同意) ============
INSERT INTO `friend` (`id`, `user_id`, `friend_id`, `status`, `create_time`, `update_time`) VALUES
(7001, 1001, 1002, 1, '2024-03-20 10:00:00', '2024-03-21 09:00:00'),
(7002, 1002, 1001, 1, '2024-03-21 09:00:00', '2024-03-21 09:00:00'),
(7003, 1001, 1003, 1, '2024-03-22 14:00:00', '2024-03-23 10:00:00'),
(7004, 1003, 1001, 1, '2024-03-23 10:00:00', '2024-03-23 10:00:00'),
(7005, 1002, 1004, 1, '2024-04-01 11:00:00', '2024-04-02 08:00:00'),
(7006, 1004, 1002, 1, '2024-04-02 08:00:00', '2024-04-02 08:00:00'),
(7007, 1001, 1005, 1, '2024-04-10 15:00:00', '2024-04-11 09:00:00'),
(7008, 1005, 1001, 1, '2024-04-11 09:00:00', '2024-04-11 09:00:00'),
-- 待处理的好友申请
(7009, 1003, 1004, 0, '2024-06-03 10:00:00', '2024-06-03 10:00:00'),
(7010, 1004, 1005, 0, '2024-06-04 08:00:00', '2024-06-04 08:00:00');

-- ============ 消息数据 ============
INSERT INTO `message` (`id`, `sender_id`, `receiver_id`, `content`, `type`, `is_read`, `create_time`) VALUES
(8001, 1002, 1001, '你好，看到你发的微服务文章，我也在学这个，可以交流一下吗？', 1, 1, '2024-06-01 10:35:00'),
(8002, 1001, 1002, '当然可以！你目前在学哪个框架？', 1, 1, '2024-06-01 10:40:00'),
(8003, 1002, 1001, 'Spring Cloud，刚看完服务发现和网关部分', 1, 1, '2024-06-01 10:42:00'),
(8004, 1001, 1002, '那不错，推荐你看看Nacos和Gateway的官方文档，很详细', 1, 1, '2024-06-01 10:45:00'),
(8005, 1002, 1001, '好的谢谢！有问题再请教你', 1, 1, '2024-06-01 10:46:00'),
(8006, 1003, 1001, '《代码整洁之道》这本书你有电子版吗？想看看', 1, 1, '2024-06-02 10:00:00'),
(8007, 1001, 1003, '有的，我发你邮箱', 1, 1, '2024-06-02 10:05:00'),
(8008, 1005, 1001, '你的《晴天》翻唱太棒了！', 1, 0, '2024-06-03 09:00:00'),
(8009, 1001, 1005, '谢谢！你也喜欢周杰伦的歌吗？', 1, 1, '2024-06-03 09:30:00'),
(8010, 1005, 1001, '是啊，铁粉！下次一起录歌啊', 1, 0, '2024-06-03 09:35:00'),
(8011, 1002, 1001, '周末有空吗？一起去拍照？', 1, 0, '2024-06-04 10:00:00'),
(8012, 1004, 1002, '你之前那个设计稿的原文件能分享一下吗？', 1, 1, '2024-06-04 11:00:00'),
(8013, 1002, 1004, '没问题，我发你网盘链接', 1, 1, '2024-06-04 11:15:00');

-- ============ 统计数据 ============
INSERT INTO `statistics` (`id`, `date`, `new_users`, `active_users`, `new_posts`, `total_likes`, `total_comments`) VALUES
(9001, '2024-06-01', 5, 45, 8, 120, 25),
(9002, '2024-06-02', 3, 52, 12, 150, 30),
(9003, '2024-06-03', 4, 48, 10, 135, 28),
(9004, '2024-06-04', 6, 55, 15, 180, 35);
